{"score": 1000.0, "_timestamp": 1712858936.1173878, "_runtime": 390.3470058441162, "_step": 4950, "_wandb": {"runtime": 403}}