{"score": 173.0, "_timestamp": 1712857499.6263766, "_runtime": 50.49672055244446, "_step": 4950, "_wandb": {"runtime": 49}}