{"score": 277.0, "_timestamp": 1712940903.9655905, "_runtime": 17.856167554855347, "_step": 4950, "_wandb": {"runtime": 16}}