{"score": 13.0, "_timestamp": 1712858964.3289082, "_runtime": 4.112229108810425, "_step": 500}