{"score": 174.0, "_timestamp": 1712874736.2213037, "_runtime": 91.45073676109314, "_step": 4950, "_wandb": {"runtime": 150}}