{"score": 210.0, "_timestamp": 1712854652.0547957, "_runtime": 101.66656374931335, "_step": 4950, "_wandb": {"runtime": 109}}