{"score": 33.0, "_timestamp": 1712875634.9810412, "_runtime": 10.930991172790527, "_step": 600, "_wandb": {"runtime": 12}}