{"score": 63.0, "_timestamp": 1712953434.213425, "_runtime": 37.45649194717407, "_step": 4950, "_wandb": {"runtime": 36}}