{"score": 1000.0, "_timestamp": 1712857672.987873, "_runtime": 49.3197500705719, "_step": 4950, "_wandb": {"runtime": 49}}