{"score": 103.0, "_timestamp": 1712873850.1431096, "_runtime": 140.41712164878845, "_step": 4950, "_wandb": {"runtime": 138}}