{"score": 20.0, "_timestamp": 1712874009.2315557, "_runtime": 149.57615566253662, "_step": 4950, "_wandb": {"runtime": 149}}