{"score": 137.0, "_timestamp": 1712874896.7647605, "_runtime": 91.4596734046936, "_step": 4950, "_wandb": {"runtime": 130}}