{"score": 1000.0, "_timestamp": 1712857614.9718766, "_runtime": 50.10621666908264, "_step": 4950, "_wandb": {"runtime": 50}}