{"score": 174.0, "_timestamp": 1712855243.3390236, "_runtime": 101.63033056259155, "_step": 4950, "_wandb": {"runtime": 127}}