{"score": 544.0, "_timestamp": 1712874288.340836, "_runtime": 91.65082097053528, "_step": 4950, "_wandb": {"runtime": 140}}