{"score": 163.0, "_timestamp": 1712856278.59652, "_runtime": 616.9503839015961, "_step": 4950, "_wandb": {"runtime": 643}}