{"score": 33.0, "_timestamp": 1712953606.0449977, "_runtime": 62.23253273963928, "_step": 4950, "_wandb": {"runtime": 62}}