{"score": 33.0, "_timestamp": 1712873700.6872857, "_runtime": 85.13570070266724, "_step": 4950, "_wandb": {"runtime": 83}}