{"score": 23.0, "_timestamp": 1712940958.1313238, "_runtime": 21.08345079421997, "_step": 4950, "_wandb": {"runtime": 18}}