{"score": 210.0, "_timestamp": 1712854261.3979292, "_runtime": 103.76414823532104, "_step": 4950, "_wandb": {"runtime": 197}}