{"score": 101.0, "_timestamp": 1712854750.24043, "_runtime": 80.21797800064087, "_step": 4950, "_wandb": {"runtime": 86}}