{"score": 383.0, "_timestamp": 1712876014.1748853, "_runtime": 355.1701283454895, "_step": 4950, "_wandb": {"runtime": 386}}