{"score": 50.0, "_timestamp": 1712853033.4500713, "_runtime": 18.02715229988098, "_step": 990, "_wandb": {"runtime": 23}}