{"score": 101.0, "_timestamp": 1712853231.232396, "_runtime": 86.71787095069885, "_step": 4950, "_wandb": {"runtime": 205}}