{"score": 5.0, "_timestamp": 1712951907.1992648, "_runtime": 6.748989820480347, "_step": 1700, "_wandb": {"runtime": 1486}}