{"score": 1000.0, "_timestamp": 1712857557.8217385, "_runtime": 49.91811943054199, "_step": 4950, "_wandb": {"runtime": 49}}