{"score": 1000.0, "_timestamp": 1712857740.498887, "_runtime": 54.786702156066895, "_step": 4950, "_wandb": {"runtime": 53}}