{"score": 34.0, "_timestamp": 1712858403.9238002, "_runtime": 355.49640917778015, "_step": 4950, "_wandb": {"runtime": 366}}