{"score": 883.0, "_timestamp": 1712876963.025252, "_runtime": 454.37749004364014, "_step": 4950, "_wandb": {"runtime": 473}}