{"score": 15.0, "_timestamp": 1712877728.2583663, "_runtime": 432.81829142570496, "_step": 4950, "_wandb": {"runtime": 450}}