{"score": 413.0, "_timestamp": 1712877271.1508944, "_runtime": 279.4585654735565, "_step": 4950, "_wandb": {"runtime": 294}}