{"score": 23.0, "_timestamp": 1712874187.4577518, "_runtime": 167.44084668159485, "_step": 4950, "_wandb": {"runtime": 164}}