{"score": 7.0, "_timestamp": 1712951867.8551333, "_runtime": 4.963880300521851, "_step": 850, "_wandb": {"runtime": 5}}