{"score": 38.0, "_timestamp": 1712846705.699174, "_runtime": 55.64552688598633, "_step": 4900}