{"score": 363.0, "_timestamp": 1712858532.530066, "_runtime": 105.79307794570923, "_step": 4950, "_wandb": {"runtime": 107}}