{"score": 227.0, "_timestamp": 1712940853.003178, "_runtime": 15.938044786453247, "_step": 4950, "_wandb": {"runtime": 15}}