{"score": 988.0, "_timestamp": 1712854464.2391922, "_runtime": 100.76005721092224, "_step": 4950, "_wandb": {"runtime": 177}}