{"score": 13.0, "_timestamp": 1712940930.2901008, "_runtime": 19.819146871566772, "_step": 4950, "_wandb": {"runtime": 18}}