{"score": 506.0, "_timestamp": 1712855362.4851015, "_runtime": 85.71116757392883, "_step": 4950, "_wandb": {"runtime": 95}}