{"score": 137.0, "_timestamp": 1712855095.2766082, "_runtime": 98.60788011550903, "_step": 4950, "_wandb": {"runtime": 136}}