{"score": 283.0, "_timestamp": 1712873603.6666605, "_runtime": 232.6133155822754, "_step": 4950, "_wandb": {"runtime": 231}}