{"score": 32.0, "_timestamp": 1712876466.585767, "_runtime": 410.98526906967163, "_step": 4950, "_wandb": {"runtime": 442}}