{"score": 101.0, "_timestamp": 1712855489.2048893, "_runtime": 108.58000636100769, "_step": 4950, "_wandb": {"runtime": 147}}