{"score": 101.0, "_timestamp": 1712874463.9327185, "_runtime": 115.19660544395447, "_step": 4950, "_wandb": {"runtime": 128}}