{"score": 34.0, "_timestamp": 1712940824.6219451, "_runtime": 13.769763231277466, "_step": 2400, "_wandb": {"runtime": 13}}