{"score": 1305.0, "_timestamp": 1712854866.3883016, "_runtime": 99.86910557746887, "_step": 4950, "_wandb": {"runtime": 221}}