{"score": 48.0, "_timestamp": 1712940879.6348293, "_runtime": 17.895416259765625, "_step": 4950, "_wandb": {"runtime": 15}}