{"score": 101.0, "_timestamp": 1712874581.425387, "_runtime": 93.7139139175415, "_step": 4950, "_wandb": {"runtime": 148}}